epoch,time,train/box_loss,train/cls_loss,train/l1_loss,metrics/precision(B),metrics/recall(B),metrics/mAP50(B),metrics/mAP50-95(B),val/box_loss,val/cls_loss,val/l1_loss,lr/pg0,lr/pg1,lr/pg2
1,1351.48,2.23907,1.58836,0.00333,0.59764,0.43612,0.4656,0.21832,2.15301,1.50529,0.00391,0.00033251,0.00033251,0.0670815
2,2924.4,2.1692,1.42689,0.00311,0.61717,0.44602,0.48893,0.21275,2.19976,1.43287,0.0041,0.00066035,0.00066035,0.034076
3,4184,2.13158,1.37249,0.00304,0.6101,0.42262,0.47229,0.23758,2.09261,1.41141,0.00366,0.000982691,0.000982691,0.001065
4,5621.62,2.10104,1.34999,0.003,0.64846,0.48125,0.52199,0.2724,1.96781,1.24363,0.00343,0.00097525,0.00097525,0.00097525
5,6779.73,2.08633,1.31152,0.00292,0.6931,0.50008,0.5577,0.28745,1.94209,1.16203,0.0034,0.000967,0.000967,0.000967
6,8299.94,2.07395,1.28526,0.00289,0.68364,0.50496,0.55979,0.29326,1.91514,1.13913,0.00329,0.00095875,0.00095875,0.00095875
7,9434.89,2.05373,1.26235,0.00283,0.68638,0.502,0.56073,0.29418,1.8912,1.13057,0.00324,0.0009505,0.0009505,0.0009505
8,10777.7,2.03744,1.25266,0.00284,0.71022,0.50659,0.56834,0.29654,1.95175,1.11988,0.00347,0.00094225,0.00094225,0.00094225
9,11927.5,2.03573,1.23735,0.00279,0.7009,0.52638,0.5823,0.30854,1.89034,1.12135,0.00322,0.000934,0.000934,0.000934
10,13332.5,2.02783,1.23017,0.00277,0.71438,0.52008,0.58058,0.30443,1.88061,1.11063,0.00323,0.00092575,0.00092575,0.00092575
11,14649.5,2.01278,1.21868,0.00276,0.70403,0.52894,0.58814,0.3095,1.87098,1.09773,0.00316,0.0009175,0.0009175,0.0009175
12,15786.3,2.00271,1.20629,0.00274,0.72408,0.53438,0.60081,0.31838,1.86399,1.11663,0.00313,0.00090925,0.00090925,0.00090925
13,16942.2,1.99544,1.19243,0.0027,0.72701,0.53821,0.6012,0.31944,1.84841,1.07252,0.00309,0.000901,0.000901,0.000901
14,18222.5,1.99113,1.18783,0.00268,0.72597,0.54459,0.60962,0.32448,1.8288,1.08261,0.00305,0.00089275,0.00089275,0.00089275
15,19353.6,1.97517,1.17386,0.00266,0.73771,0.53179,0.60167,0.32116,1.84356,1.0517,0.00308,0.0008845,0.0008845,0.0008845
16,20618.5,1.97138,1.16691,0.00267,0.72817,0.53689,0.60688,0.32823,1.82036,1.04232,0.00302,0.00087625,0.00087625,0.00087625
17,21528.8,1.96341,1.1609,0.00264,0.7286,0.54441,0.60817,0.32513,1.84235,1.07001,0.00308,0.000868,0.000868,0.000868
18,22779.5,1.96036,1.16104,0.00263,0.7344,0.54315,0.61256,0.32704,1.83943,1.05471,0.00306,0.00085975,0.00085975,0.00085975
19,23902.5,1.96455,1.153,0.00262,0.73345,0.54794,0.60919,0.32527,1.81378,1.06923,0.00304,0.0008515,0.0008515,0.0008515
20,25036.3,1.94517,1.14244,0.0026,0.73911,0.55185,0.61668,0.32651,1.82214,1.02712,0.00305,0.00084325,0.00084325,0.00084325
21,26138.6,1.94879,1.14117,0.0026,0.73596,0.55307,0.61932,0.33565,1.79902,1.02982,0.003,0.000835,0.000835,0.000835
22,27191.4,1.93447,1.12683,0.00257,0.73886,0.55687,0.62041,0.33468,1.80142,1.02825,0.003,0.00082675,0.00082675,0.00082675
23,28493.6,1.92503,1.11986,0.00259,0.74864,0.56116,0.62612,0.33666,1.80636,1.03254,0.00302,0.0008185,0.0008185,0.0008185
24,30056.4,1.927,1.12273,0.00257,0.74725,0.55636,0.62328,0.33608,1.7994,1.01811,0.00297,0.00081025,0.00081025,0.00081025
25,31166.5,1.92125,1.11522,0.00254,0.75345,0.56212,0.62878,0.34248,1.78542,1.02927,0.00293,0.000802,0.000802,0.000802
26,32420.4,1.92511,1.11157,0.00254,0.75484,0.55808,0.6316,0.34184,1.78958,1.01475,0.00295,0.00079375,0.00079375,0.00079375
27,33597.2,1.91859,1.10872,0.00251,0.75265,0.56323,0.63536,0.34493,1.78465,1.01826,0.00292,0.0007855,0.0007855,0.0007855
28,34949.9,1.90803,1.1019,0.00252,0.75619,0.56226,0.63255,0.34417,1.768,1.00543,0.00291,0.00077725,0.00077725,0.00077725
29,35965.7,1.90919,1.10047,0.00252,0.75705,0.57365,0.64181,0.34911,1.77349,0.99831,0.00292,0.000769,0.000769,0.000769
30,37227.9,1.9007,1.09376,0.00251,0.75004,0.57063,0.63945,0.34675,1.78507,1.01843,0.0029,0.00076075,0.00076075,0.00076075
31,38548,1.8993,1.08954,0.00251,0.75623,0.57544,0.64498,0.35094,1.77395,0.98723,0.00291,0.0007525,0.0007525,0.0007525
32,39974.8,1.89243,1.08197,0.00249,0.76017,0.57148,0.64189,0.34991,1.76869,0.98765,0.00289,0.00074425,0.00074425,0.00074425
33,41119.5,1.88539,1.07429,0.00248,0.76519,0.57023,0.64198,0.35066,1.75849,0.97584,0.00288,0.000736,0.000736,0.000736
34,42676,1.88037,1.07114,0.00248,0.75475,0.56989,0.64134,0.3491,1.76545,0.99616,0.00289,0.00072775,0.00072775,0.00072775
35,43727.6,1.88282,1.07111,0.00247,0.76059,0.57762,0.64382,0.35136,1.7603,0.98667,0.00288,0.0007195,0.0007195,0.0007195
36,44882.2,1.88436,1.07399,0.00244,0.76451,0.57943,0.65266,0.35633,1.75187,0.98401,0.00285,0.00071125,0.00071125,0.00071125
37,45889.3,1.88052,1.07188,0.00246,0.7683,0.57324,0.64582,0.3521,1.75203,0.97332,0.00287,0.000703,0.000703,0.000703
38,47259,1.86828,1.05733,0.00245,0.7617,0.5827,0.64994,0.35565,1.74828,0.97955,0.00286,0.00069475,0.00069475,0.00069475
39,48155.7,1.86625,1.05721,0.00243,0.76734,0.5761,0.64963,0.35557,1.74855,0.96528,0.00284,0.0006865,0.0006865,0.0006865
40,49477,1.86514,1.05019,0.00242,0.76884,0.58349,0.65603,0.358,1.7561,0.9809,0.00286,0.00067825,0.00067825,0.00067825
41,50585.5,1.85948,1.05127,0.00241,0.76247,0.58605,0.65351,0.35883,1.74524,0.96204,0.00282,0.00067,0.00067,0.00067
42,51740.6,1.85645,1.05087,0.00241,0.77056,0.58423,0.65785,0.3595,1.74027,0.9585,0.00282,0.00066175,0.00066175,0.00066175
43,52909,1.86291,1.05375,0.00241,0.76499,0.5902,0.65866,0.36181,1.73493,0.95943,0.00282,0.0006535,0.0006535,0.0006535
44,54184.5,1.85917,1.04583,0.00242,0.77226,0.59353,0.66093,0.36142,1.74049,0.96378,0.00284,0.00064525,0.00064525,0.00064525
45,55393.9,1.85014,1.03384,0.00238,0.77714,0.58599,0.65709,0.35931,1.73958,0.95352,0.00282,0.000637,0.000637,0.000637
46,56726.6,1.84439,1.028,0.00236,0.76958,0.59157,0.66007,0.36424,1.72777,0.94801,0.00279,0.00062875,0.00062875,0.00062875
47,57715.2,1.84635,1.03477,0.00238,0.77194,0.5931,0.66129,0.36379,1.72739,0.95488,0.0028,0.0006205,0.0006205,0.0006205
48,59238.3,1.84517,1.02686,0.00237,0.77293,0.59171,0.66176,0.36259,1.73586,0.95883,0.00282,0.00061225,0.00061225,0.00061225
49,60492.3,1.84066,1.02919,0.00237,0.77362,0.59273,0.66385,0.36528,1.72534,0.9525,0.00279,0.000604,0.000604,0.000604
50,61715.9,1.82314,1.01333,0.00234,0.77456,0.59426,0.66523,0.36814,1.72094,0.94102,0.00278,0.00059575,0.00059575,0.00059575
51,62807.8,1.82913,1.01665,0.00235,0.7723,0.59526,0.66631,0.36605,1.72988,0.94611,0.0028,0.0005875,0.0005875,0.0005875
52,64219.7,1.82461,1.0138,0.00235,0.77499,0.58786,0.66066,0.36589,1.71456,0.95401,0.00276,0.00057925,0.00057925,0.00057925
53,65318.6,1.82309,1.01305,0.00235,0.77293,0.59353,0.6656,0.36685,1.72708,0.94698,0.00279,0.000571,0.000571,0.000571
54,66683.3,1.81801,1.01117,0.00235,0.77793,0.5961,0.66799,0.3683,1.71801,0.94095,0.00277,0.00056275,0.00056275,0.00056275
55,67627.7,1.81402,1.00535,0.00232,0.78085,0.59928,0.66924,0.36809,1.72844,0.93981,0.00279,0.0005545,0.0005545,0.0005545
56,1357.26,1.81087,1.00152,0.00232,0.78206,0.59607,0.6681,0.36874,1.72096,0.94321,0.00277,0.00054625,0.00054625,0.00054625
57,2835.78,1.8163,1.00439,0.00231,0.7908,0.59163,0.66845,0.36937,1.70973,0.94659,0.00275,0.000538,0.000538,0.000538
58,4059.6,1.81195,1.00549,0.00231,0.77802,0.5968,0.66957,0.3697,1.71849,0.93499,0.00277,0.00052975,0.00052975,0.00052975
59,5591.16,1.8022,1.00122,0.00232,0.78407,0.59667,0.67103,0.36932,1.71867,0.93999,0.00277,0.0005215,0.0005215,0.0005215
